,num_args
SRR32465929,1129
SRR32418927,1110
SRR25627044,1064
SRR27886144,978
SRR26858741,975
SRR27886183,972
SRR27886152,971
SRR27886173,957
SRR27886174,956
SRR27886170,955
SRR27886205,950
SRR25627045,945
SRR27886154,943
SRR32418925,943
SRR32418926,935
SRR32418929,935
SRR32418938,923
SRR32418940,923
SRR32418934,923
SRR32418933,923
SRR32418937,923
SRR32418935,916
SRR25627038,914
SRR32418932,913
SRR32418941,911
SRR25627046,902
SRR26858448,896
SRR25627039,896
SRR25627042,892
SRR27886181,891
SRR26858743,890
SRR26858744,889
SRR27886175,889
SRR27886208,887
SRR27886206,886
SRR27886157,879
SRR32838695,875
SRR32418928,867
SRR27886187,865
SRR25627043,857
SRR26858746,856
SRR25627041,855
SRR27886161,855
SRR32418942,847
SRR32558801,845
SRR32558802,839
SRR27886160,836
SRR32418939,814
SRR32465927,796
SRR26858740,777
SRR27886148,742
SRR32558800,728
SRR25627040,724
SRR32838694,717
SRR32418936,713
SRR26858745,685
SRR32465928,667
SRR27886146,661
SRR27886167,661
SRR27886169,661
SRR32558798,630
SRR27886189,617
SRR27886172,553
SRR26858450,486
SRR27886178,481
SRR27886176,461
SRR32558799,457
SRR27886158,428
SRR26858742,390
SRR32558803,366
